Planet #, Radius m              , Mass kg                 , Semi major axes AU                                      , Eccentrisity AU
00, 6622.416978311365710,   3.67678677071925e-06, 0.3566059863341476399156704246706794947385787963867188,0.02581638108509265103207575009491847595199942588806152
01, 2026.018380671206160, 1.0436557741485888e-07,   0.58881517739126731925125568523071706295013427734375,0.01570842600451104534298174542072956683114171028137207
02,20362.038457876391476, 1.0845517690235644e-05,   3.16967849650567945474222142365761101245880126953125,0.01681377041470325656158379956650605890899896621704102
03,18534.754550319979899, 1.0013766505384596e-05,  2.310491470065132002531527177779935300350189208984375,0.04398206716187866294198727246111957356333732604980469
04, 1929.105530909108893,    9.2540185360282e-08,  1.429133183274837737286588890128768980503082275390625,0.09602065281881690117504746240228996612131595611572266
05,80561.174897544668056,  0.0012750999572044715,     4.466365726836965421853165025822818279266357421875,0.05304000830701673108169558190638781525194644927978516
06, 1510.814261660078500, 3.8876881117011987e-08, 0.7840314296492569834384767091250978410243988037109375,0.05452061731941888755859082493770984001457691192626953
07, 6011.776889730221228, 1.9047622182688473e-06, 0.1713408214259927175859843373473268002271652221679688,0.03504197917156880864864021418725315015763044357299805
